date,source,folder,document_id,version,page_count,pages_to_check,decisions,private_sale_notices,summary_languages,original_url,site_page_en
2026-07-22,current,2026-07-22,0fff47b73223,1,7,,6,1,en; fr; nl,https://www.montolieu.fr/wp-content/uploads/2026/09/PV-CONSEIL-MUNICIPAL-DU-22-juillet-2026-site.pdf,https://mgifford.github.io/EchoDeMontolieu/en/meetings/2026-07-22/summary.html
2026-06-26,current,2026-06-26,ec69e949afbb,1,2,,4,0,en; fr; nl,https://www.montolieu.fr/wp-content/uploads/2026/07/CR-CONSEIL-MUNICIPAL-DU-26-juin-2026.pdf,https://mgifford.github.io/EchoDeMontolieu/en/meetings/2026-06-26/summary.html
2026-06-05,current,2026-06-05,684e65ccc146,1,8,,9,4,en; fr; nl,https://www.montolieu.fr/wp-content/uploads/2026/07/PV-CONSEIL-MUNICIPAL-DU-05-juin-2026.pdf,https://mgifford.github.io/EchoDeMontolieu/en/meetings/2026-06-05/summary.html
2026-04-30,current,2026-04-30,c3d02d2895d6,1,6,,2,2,en; fr; nl,https://www.montolieu.fr/wp-content/uploads/2026/06/PV-du-CONSEIL-MUNICIPAL-DU-30-avril-2026.pdf,https://mgifford.github.io/EchoDeMontolieu/en/meetings/2026-04-30/summary.html
2026-04-13,current,2026-04-13,babef036850a,1,8,,12,0,en; fr; nl,https://www.montolieu.fr/wp-content/uploads/2026/05/CRCM-DU-13-avril-2026-SITE-INTERNET.pdf,https://mgifford.github.io/EchoDeMontolieu/en/meetings/2026-04-13/summary.html
2026-04-01,current,2026-04-01,650cf05da13b,1,5,,7,0,en; fr; nl,https://www.montolieu.fr/wp-content/uploads/2026/04/CRCM-DU-01-avril-2026-site-internet.pdf,https://mgifford.github.io/EchoDeMontolieu/en/meetings/2026-04-01/summary.html
2026-03-28,current,2026-03-28,d00d39c52187,1,3,,5,0,en; fr; nl,https://www.montolieu.fr/wp-content/uploads/2026/04/CRCM-28-mars-2026-site-internet.pdf,https://mgifford.github.io/EchoDeMontolieu/en/meetings/2026-03-28/summary.html
2026-03-09,current,2026-03-09,6a549d058b41,1,9,,4,1,en; fr; nl,https://www.montolieu.fr/wp-content/uploads/2026/04/CRCM-09-03-2026-site-internet.pdf,https://mgifford.github.io/EchoDeMontolieu/en/meetings/2026-03-09/summary.html
2026-01-08,current,2026-01-08,69ff99ddbb5c,1,3,,4,1,en; fr; nl,https://www.montolieu.fr/wp-content/uploads/2026/03/CRCM-8-01-2026-site-internet.pdf,https://mgifford.github.io/EchoDeMontolieu/en/meetings/2026-01-08/summary.html
2025-11-27,current,2025-11-27,5b79f5d2dbd5,1,10,8; 9,14,2,en; fr; nl,https://www.montolieu.fr/wp-content/uploads/2026/01/CRCM-27-11-2025-site-internet.pdf,https://mgifford.github.io/EchoDeMontolieu/en/meetings/2025-11-27/summary.html
2025-10-27,current,2025-10-27,958b8bb11627,1,8,,10,1,en; fr; nl,https://www.montolieu.fr/wp-content/uploads/2025/12/CRCM-27102025-site.pdf,https://mgifford.github.io/EchoDeMontolieu/en/meetings/2025-10-27/summary.html
2025-09-25,current,2025-09-25,f950f0c50c7a,1,9,9,15,1,en; fr; nl,https://www.montolieu.fr/wp-content/uploads/2025/10/CRCM-25092025-site.pdf,https://mgifford.github.io/EchoDeMontolieu/en/meetings/2025-09-25/summary.html
2025-06-24,current,2025-06-24,12c02e0b1d15,1,8,7; 8,10,1,en; fr; nl,https://www.montolieu.fr/wp-content/uploads/2025/10/CRCM-24062025-site-internet.pdf,https://mgifford.github.io/EchoDeMontolieu/en/meetings/2025-06-24/summary.html
2025-05-27,current,2025-05-27,e65120caa50f,1,10,,10,1,en; fr; nl,https://www.montolieu.fr/wp-content/uploads/2025/07/CRCM-27-05-2025-site-internet.pdf,https://mgifford.github.io/EchoDeMontolieu/en/meetings/2025-05-27/summary.html
2025-04-14,current,2025-04-14,ad091bede91f,1,7,,6,0,en; fr; nl,https://www.montolieu.fr/wp-content/uploads/2025/05/CRCM-14-AVRIL-2025-site-internet.pdf,https://mgifford.github.io/EchoDeMontolieu/en/meetings/2025-04-14/summary.html
2025-03-27,current,2025-03-27,bd5dc38ec050,1,12,3,13,1,en; fr; nl,https://www.montolieu.fr/wp-content/uploads/2025/04/CRCM-27-03-2025-1-site-internet.pdf,https://mgifford.github.io/EchoDeMontolieu/en/meetings/2025-03-27/summary.html
2025-03-06,current,2025-03-06,cb0ab543d101,1,8,,9,3,en; fr; nl,https://www.montolieu.fr/wp-content/uploads/2025/04/CRCM-6-MARS-2025-site-internet.pdf,https://mgifford.github.io/EchoDeMontolieu/en/meetings/2025-03-06/summary.html
2025-01-14,current,2025-01-14,75d1d9f03898,1,6,5,7,3,en; fr; nl,https://www.montolieu.fr/wp-content/uploads/2025/04/crcm-14012025-site-internet.pdf,https://mgifford.github.io/EchoDeMontolieu/en/meetings/2025-01-14/summary.html
2024-11-27,current,2024-11-27,430999f10e6c,1,6,,7,1,en; fr; nl,https://www.montolieu.fr/wp-content/uploads/2025/01/CRCM-27-11-2024-site-internet.pdf,https://mgifford.github.io/EchoDeMontolieu/en/meetings/2024-11-27/summary.html
2024-10-23,current,2024-10-23,bd1590cd8bbe,1,8,,6,2,en; fr; nl,https://www.montolieu.fr/wp-content/uploads/2024/12/CRCM-23-OCTOBRE-2024-SITE-INTERNET.pdf,https://mgifford.github.io/EchoDeMontolieu/en/meetings/2024-10-23/summary.html
2024-09-18,current,2024-09-18,699f63723028,1,8,,14,1,en; fr; nl,https://www.montolieu.fr/wp-content/uploads/2024/11/CM-18-SEPTEMBRE-site-internet.pdf,https://mgifford.github.io/EchoDeMontolieu/en/meetings/2024-09-18/summary.html
2024-06-13,current,2024-06-13,607c8c991745,1,8,,10,3,en; fr; nl,https://www.montolieu.fr/wp-content/uploads/2024/12/CRCM-13-JUIN-2024-1-SITE-INTERNET.pdf,https://mgifford.github.io/EchoDeMontolieu/en/meetings/2024-06-13/summary.html
2024-04-15,current,2024-04-15,f4280c76c03d,1,4,,3,1,en; fr; nl,https://www.montolieu.fr/wp-content/uploads/2024/12/Projet-CM-15-avril-site-internet.pdf,https://mgifford.github.io/EchoDeMontolieu/en/meetings/2024-04-15/summary.html
2024-04-04,current,2024-04-04,088787638b92,1,20,9; 19,20,2,en; fr; nl,https://www.montolieu.fr/wp-content/uploads/2024/12/CRCM-4-avril-2024-site-internet.pdf,https://mgifford.github.io/EchoDeMontolieu/en/meetings/2024-04-04/summary.html
2024-01-31,current,2024-01-31,14de957b7587,1,5,,7,2,en; fr; nl,https://www.montolieu.fr/wp-content/uploads/2024/12/CM-31-JANVIER-2024-site-internet.pdf,https://mgifford.github.io/EchoDeMontolieu/en/meetings/2024-01-31/summary.html
2008-07-18,archive,2008-07-18,7bfebb937a98,,,,1,0,,https://web.archive.org/web/20081112040243/http://www.montolieu.fr/docs/CRCM%2020080718.pdf,https://mgifford.github.io/EchoDeMontolieu/en/meetings/2008-07-18/facts.html
2008-06-06,archive,2008-06-06,4cb2d2092d10,,,,4,0,,https://web.archive.org/web/20081112040000/http://www.montolieu.fr/docs/CRCM%2020080606.pdf,https://mgifford.github.io/EchoDeMontolieu/en/meetings/2008-06-06/facts.html
2008-05-09,archive,2008-05-09,4a24c84ef2ce,,,,4,1,,https://web.archive.org/web/20081112035845/http://www.montolieu.fr/docs/CRCM%2020080509.pdf,https://mgifford.github.io/EchoDeMontolieu/en/meetings/2008-05-09/facts.html
2008-04-25,archive,2008-04-25,0dc404d0f630,,,,9,0,,https://web.archive.org/web/20081112040228/http://www.montolieu.fr/docs/CRCM%2020080425.pdf,https://mgifford.github.io/EchoDeMontolieu/en/meetings/2008-04-25/facts.html
2008-04-04,archive,2008-04-04,275530cbd2f8,,,,18,1,,https://web.archive.org/web/20081112040045/http://www.montolieu.fr/docs/CRCM%2020080404.pdf,https://mgifford.github.io/EchoDeMontolieu/en/meetings/2008-04-04/facts.html
2007-07-31,archive,2007-07-31,79fc0d102e01,,,,2,0,,https://web.archive.org/web/20081112040257/http://www.montolieu.fr/docs/CRCM%2020070731.pdf,https://mgifford.github.io/EchoDeMontolieu/en/meetings/2007-07-31/facts.html
2007-05-03,archive,2007-05-03,50f4b75eab85,,,,26,0,,https://web.archive.org/web/20081112035413/http://www.montolieu.fr/docs/CRCM%2020070503.pdf,https://mgifford.github.io/EchoDeMontolieu/en/meetings/2007-05-03/facts.html
2007-02-16,archive,2007-02-16,a65a917dcfad,,,,13,0,,https://web.archive.org/web/20081112035620/http://www.montolieu.fr/docs/CRCM%2020070216.pdf,https://mgifford.github.io/EchoDeMontolieu/en/meetings/2007-02-16/facts.html
2006-11-24,archive,2006-11-24,ee4b84cd7566,,,,11,0,,https://web.archive.org/web/20071012134316/http://www.montolieu.fr/docs/CRCM%2020061124.pdf,https://mgifford.github.io/EchoDeMontolieu/en/meetings/2006-11-24/facts.html
2006-09-29,archive,2006-09-29,e0684f63a512,,,,4,0,,https://web.archive.org/web/20071012134334/http://www.montolieu.fr/docs/CRCM%2020060929.pdf,https://mgifford.github.io/EchoDeMontolieu/en/meetings/2006-09-29/facts.html
2006-08-19,archive,2006-08-19,9e958bbb39e4,,,,5,0,,https://web.archive.org/web/20071012134153/http://www.montolieu.fr/docs/CRCM%2020060819.pdf,https://mgifford.github.io/EchoDeMontolieu/en/meetings/2006-08-19/facts.html
2006-06-17,archive,2006-06-17,73240b2a6e7b,,,,1,0,,https://web.archive.org/web/20071012134213/http://www.montolieu.fr/docs/CRCM%2020060617.pdf,https://mgifford.github.io/EchoDeMontolieu/en/meetings/2006-06-17/facts.html
2006-05-30,archive,2006-05-30,a8050f0a952b,,,,1,0,,https://web.archive.org/web/20071012134251/http://www.montolieu.fr/docs/CRCM%2020060530.pdf,https://mgifford.github.io/EchoDeMontolieu/en/meetings/2006-05-30/facts.html
2006-05-05,archive,2006-05-05,f2b54a749068,,,,22,0,,https://web.archive.org/web/20071012134138/http://www.montolieu.fr/docs/CRCM%2020060505.pdf,https://mgifford.github.io/EchoDeMontolieu/en/meetings/2006-05-05/facts.html
2006-04-22,archive,2006-04-22,542e3aac5fcd,,,,6,0,,https://web.archive.org/web/20071012134440/http://www.montolieu.fr/docs/CRCM%2020060304.pdf,https://mgifford.github.io/EchoDeMontolieu/en/meetings/2006-04-22/facts.html
2006-04-22,archive,2006-04-22-25c32404ddc5,25c32404ddc5,,,,8,0,,https://web.archive.org/web/20071012134429/http://www.montolieu.fr/docs/CRCM%2020060422.pdf,https://mgifford.github.io/EchoDeMontolieu/en/meetings/2006-04-22-25c32404ddc5/facts.html
2006-01-14,archive,2006-01-14,2d1f4804d79b,,,,11,0,,https://web.archive.org/web/20061123183038/http://www.montolieu.fr/docs/CRCM140106.pdf,https://mgifford.github.io/EchoDeMontolieu/en/meetings/2006-01-14/facts.html
2005-10-14,archive,2005-10-14,1e1f1952deb7,,,,9,0,,https://web.archive.org/web/20061123183052/http://www.montolieu.fr/docs/CRCM141005.pdf,https://mgifford.github.io/EchoDeMontolieu/en/meetings/2005-10-14/facts.html
2005-06-25,archive,2005-06-25,072dbe5175d1,,,,4,0,,https://web.archive.org/web/20061123182917/http://www.montolieu.fr/docs/CRCM250605.pdf,https://mgifford.github.io/EchoDeMontolieu/en/meetings/2005-06-25/facts.html
2005-05-22,archive,2005-05-22,02e80f86db26,,,,8,0,,https://web.archive.org/web/20061123183136/http://www.montolieu.fr/docs/CRCM220405.pdf,https://mgifford.github.io/EchoDeMontolieu/en/meetings/2005-05-22/facts.html
2005-03-18,archive,2005-03-18,d1058dea5120,,,,10,0,,https://web.archive.org/web/20061123182956/http://www.montolieu.fr/docs/CRCM180305.pdf,https://mgifford.github.io/EchoDeMontolieu/en/meetings/2005-03-18/facts.html
2005-02-10,archive,2005-02-10,e8eafe1e832b,,,,3,0,,https://web.archive.org/web/20051014125712/http://www.montolieu.fr/docs/CRCM100205.pdf,https://mgifford.github.io/EchoDeMontolieu/en/meetings/2005-02-10/facts.html
2005-01-25,archive,2005-01-25,6eacdfd6d0ee,,,,1,1,,https://web.archive.org/web/20051014125508/http://www.montolieu.fr/docs/CRCM250105.pdf,https://mgifford.github.io/EchoDeMontolieu/en/meetings/2005-01-25/facts.html
2005-01-07,archive,2005-01-07,2c1dc6cc6df4,,,,5,1,,https://web.archive.org/web/20051014125650/http://www.montolieu.fr/docs/CRCM050105.pdf,https://mgifford.github.io/EchoDeMontolieu/en/meetings/2005-01-07/facts.html
2004-12-04,archive,2004-12-04,75b8ee6a0588,,,,8,0,,https://web.archive.org/web/20041219055342/http://www.montolieu.fr/docs/CRCM041204.pdf,https://mgifford.github.io/EchoDeMontolieu/en/meetings/2004-12-04/facts.html
2004-10-16,archive,2004-10-16,0d284f9d5608,,,,5,0,,https://web.archive.org/web/20041225055244/http://www.montolieu.fr/docs/CRCM161004.pdf,https://mgifford.github.io/EchoDeMontolieu/en/meetings/2004-10-16/facts.html
2004-08-17,archive,2004-08-17,6d454c344f5f,,,,6,0,,https://web.archive.org/web/20041219055337/http://www.montolieu.fr/docs/CRCM170804.pdf,https://mgifford.github.io/EchoDeMontolieu/en/meetings/2004-08-17/facts.html
2004-05-14,archive,2004-05-14,f4aec19c939f,,,,11,1,,https://web.archive.org/web/20041225055309/http://www.montolieu.fr/docs/CRCM140504.pdf,https://mgifford.github.io/EchoDeMontolieu/en/meetings/2004-05-14/facts.html
2004-04-30,archive,2004-04-30,1b12e31c54be,,,,11,0,,https://web.archive.org/web/20041219055321/http://www.montolieu.fr/docs/CRCM30042004.pdf,https://mgifford.github.io/EchoDeMontolieu/en/meetings/2004-04-30/facts.html
2004-03-02,archive,2004-03-02,de1696484b96,,,,7,0,,https://web.archive.org/web/20041225055345/http://www.montolieu.fr/docs/CRCM02032004.pdf,https://mgifford.github.io/EchoDeMontolieu/en/meetings/2004-03-02/facts.html
2003-09-20,archive,2003-09-20,7b87f34f5a46,,,,3,0,,https://web.archive.org/web/20031030083200/http://www.montolieu.fr:80/conseil/crcm200903.html,https://mgifford.github.io/EchoDeMontolieu/en/meetings/2003-09-20/facts.html
2003-04-04,archive,2003-04-04,457068d124cb,,,,7,0,,https://web.archive.org/web/20030504065526/http://www.montolieu.fr:80/CRCM040403.html,https://mgifford.github.io/EchoDeMontolieu/en/meetings/2003-04-04/facts.html
